구분,상호명,소재지,객실수,연락처,비고,Latitude,Longitude
관광호텔업,(주)호텔하니크라운,제주특별자치도 제주시 삼성로 10  ,61,064-758-4200,특이사항없음,33.5050011,126.5277575
관광호텔업,글래드호텔앤리조트㈜ 메종글래드제주,제주특별자치도 제주시 노연로 80 ,513,064-747-5000,특이사항없음,33.4848645,126.4885577
관광호텔업,제주썬호텔,제주특별자치도 제주시 삼무로 67   ,203,064-741-8000,특이사항없음,33.4901372,126.4939989
관광호텔업,제주로얄호텔,제주특별자치도 제주시 신대로12길 45 ,126,064-743-2222,특이사항없음,33.4885606,126.4917047
관광호텔업,제주팔레스호텔,제주특별자치도 제주시 탑동로 9,94,064-753-8811,특이사항없음,33.5168727,126.52372
관광호텔업,제주서울관광호텔,제주특별자치도 제주시 탑동로 5,108,064-752-2211,휴업기간(2019-01-07~2025-12-31),33.5167668,126.5241772
관광호텔업,펄호텔 제주,제주특별자치도 제주시 신대로20길 49  ,88,064-742-8871,특이사항없음,33.4834605,126.4907753
관광호텔업,제주아일랜드호텔리조트,제주특별자치도 제주시 애월읍평화로 2477,101,064-799-8222,휴업기간(2021-12-23~2026-12-31),33.4320558,126.4162661
관광호텔업,제주오리엔탈호텔,제주특별자치도 제주시 탑동로 47,321,064-752-8222,특이사항없음,33.5174647,126.5197921
관광호텔업,삼해인관광호텔,제주특별자치도 제주시 도령로 108  ,86,064-742-5311,특이사항없음,33.4913289,126.4894864
관광호텔업,호텔 스카이파크,제주특별자치도 제주시 삼무로 48,147,064-797-0000,특이사항없음,33.4895545,126.4917355
관광호텔업,제주퍼시픽호텔,제주특별자치도 제주시 서사로 20   ,177,064-758-2500,특이사항없음,33.5106318,126.5192136
관광호텔업,스타즈호텔 제주 로베로,제주특별자치도 제주시 관덕로 26 ,121,064-757-7111,특이사항없음,33.5128705,126.5219573
관광호텔업,메이더호텔,제주특별자치도 제주시 구좌읍 일주동로 1626,54,064-766-8888,특이사항없음,33.5291728,126.8123293
관광호텔업,금룡관광호텔,제주특별자치도 제주시 삼무로 79,70,064-747-8885,휴업기간(2022-07-01~2024-12-31),33.4900002,126.495198
관광호텔업,코쿤애월,제주특별자치도 제주시 애월읍 중엄3길 50,30,064-744-8006,특이사항없음,33.4778567,126.3716446
관광호텔업,라마다프라자제주호텔,제주특별자치도 제주시 탑동로 66  ,400,064-729-8100,특이사항없음,33.5185854,126.5171129
관광호텔업,오션그랜드호텔,제주특별자치도 제주시 조천읍 조함해안로 490,74,064-783-0007,특이사항없음,33.5425306,126.6651685
관광호텔업,(주)블랙스톤리조트,제주특별자치도 제주시 한림읍 한창로 925-122,36,064-795-2126,특이사항없음,33.3355186,126.3240674
관광호텔업,호텔라온제주,제주특별자치도 제주시 한림읍 금능남로 127,51,064-796-7730,특이사항없음,33.3810152,126.2411754
관광호텔업,파크사이드관광호텔,제주특별자치도 제주시 도령로 126,70,064-746-4545,특이사항없음,33.4924608,126.4908325
관광호텔업,애플관광호텔,제주특별자치도 제주시 동광로 45 ,40,064-725-1552,특이사항없음,33.5030464,126.5335563
관광호텔업,관광호텔 더레드,제주특별자치도 제주시 동광로6길 10 ,59,064-725-7252,특이사항없음,33.501029,126.5318941
관광호텔업,엠버시티호텔,제주특별자치도 제주시 노연로 13,51,064-711-8500,특이사항없음,33.4863181,126.4816697
관광호텔업,퓨어스테이호텔,제주특별자치도 제주시 신대로 68,43,064-742-2714,특이사항없음,33.4913604,126.4962605
관광호텔업,올레관광호텔,제주특별자치도 제주시 서광로 254,71,064-723-2727,특이사항없음,33.4995474,126.5236536
관광호텔업,로긴호텔,제주특별자치도 제주시 서해안로 442-9,31,064-712-2377,특이사항없음,33.5173462,126.4879624
관광호텔업,엠버호텔,제주특별자치도 제주시 삼무로 12,67,064-745-7459,특이사항없음,33.4897648,126.4878231
관광호텔업,해호텔,제주특별자치도 제주시 서해안로 526,32,064-742-4356,특이사항없음,33.5197743,126.4952111
관광호텔업,롯데시티호텔 제주,제주특별자치도 제주시 도령로 83,262,064-730-1071,특이사항없음,33.4906409,126.4866038
관광호텔업,엠버호텔 센트럴,제주특별자치도 제주시 노연로 24,130,064-805-8688,특이사항없음,33.4858854,126.4826116
관광호텔업,씨앤제이관광호텔,제주특별자치도 제주시 광양8길 24,36,064-755-7413,특이사항없음,33.4998048,126.5270835
관광호텔업,제주미주호텔,제주특별자치도 제주시 신대로 60,76,064-805-4288,특이사항없음,33.4921975,126.4963274
관광호텔업,호텔 컬리넌,제주특별자치도 제주시 사장1길 26,59,064-743-6500,특이사항없음,33.4854123,126.4928464
관광호텔업,골든파크관광호텔,제주특별자치도 제주시 서광로2길 9,38,064-752-5820,특이사항없음,33.4992449,126.5129932
관광호텔업,오라관광호텔,제주특별자치도 제주시 연북로 217,61,064-713-6261,특이사항없음,33.4819468,126.504942
관광호텔업,씨앤관광호텔,제주특별자치도 제주시 일주서로 7490,60,064-711-7400,특이사항없음,33.4936882,126.4469991
관광호텔업,팜파스호텔 제주,제주특별자치도 제주시 서해안로 368-3,85,064-798-9000,특이사항없음,33.5115783,126.4847587
관광호텔업,스탠포드호텔앤리조트 제주A,제주특별자치도 제주시 애월읍 애월해안로 408,42,064-799-1671,특이사항없음,33.4765233,126.3600749
관광호텔업,스탠포드호텔앤리조트 제주,제주특별자치도 제주시 애월읍 애월해안로 406,38,064-799-1671,특이사항없음,33.4765233,126.3600749
관광호텔업,그라벨 호텔,제주특별자치도 제주시 일주서로 7316,141,064-740-8010,특이사항없음,33.4924349,126.4287034
관광호텔업,HOTEL LEO,제주특별자치도 제주시 삼무로 14,95,064-754-7000,특이사항없음,33.4897519,126.4882605
관광호텔업,아이진호텔,제주특별자치도 제주시 신대로22길 4,75,064-745-0700,특이사항없음,33.4824636,126.4948129
관광호텔업,아스타호텔,제주특별자치도 제주시 서사로 129,130,064-710-1100,특이사항없음,33.5008535,126.5202518
관광호텔업,심스호텔,제주특별자치도 제주시 임항로 249,92,064-750-8988,특이사항없음,33.5178315,126.5395719
관광호텔업,케이 관광호텔,제주특별자치도 제주시 연동3길 10,41,064-743-2123,특이사항없음,33.4890526,126.4879189
관광호텔업,애월비치호텔,제주특별자치도 제주시 애월읍 애월해안로 554-10,94,064-799-3544,특이사항없음,33.477337,126.3628356
관광호텔업,유니호텔,제주특별자치도 제주시 애월읍 애월해안로 656,62,064-741-5000,특이사항없음,33.4795656,126.3732311
관광호텔업,사하라 호텔,제주특별자치도 제주시 서광로 265,37,064-721-0707,특이사항없음,33.5002663,126.5247464
관광호텔업,신라스테이제주,제주특별자치도 제주시 노연로 100,301,064-717-9000,특이사항없음,33.4855434,126.4908994
관광호텔업,제니아관광호텔,제주특별자치도 제주시 은남1길 25,67,064-797-9000,특이사항없음,33.4891057,126.4931111
관광호텔업,제주갤럭시호텔,제주특별자치도 제주시 남성로 33,85,064-750-3355,특이사항없음,33.5031537,126.5125886
관광호텔업,베니키아호텔제주,제주특별자치도 제주시 애월읍 애월해안로 554-6,88,064-799-3544,특이사항없음,33.4777407,126.3624077
관광호텔업,해마 호텔,제주특별자치도 제주시 삼무로 28,89,064-766-4000,특이사항없음,33.4897173,126.489565
관광호텔업,에스호텔,제주특별자치도 제주시 오일장중길 26,88,064-749-9928,특이사항없음,33.4954164,126.4714525
관광호텔업,블랙샌즈관광호텔,제주특별자치도 제주시 선사로 8,78,064-740-0888,특이사항없음,33.5220167,126.5873253
관광호텔업,호텔더원,제주특별자치도 제주시 사장3길 33,180,064-798-0001,특이사항없음,33.4826842,126.4914063
관광호텔업,제주인관광호텔,제주특별자치도 제주시 신산마을길 20,79,064-741-1100,특이사항없음,33.4919312,126.4458048
관광호텔업,제주코아관광호텔,제주특별자치도 제주시 신대로 148,65,064-744-6600,특이사항없음,33.4841721,126.4960729
관광호텔업,하버호텔,제주특별자치도 제주시 임항로 260,30,064-754-6000,특이사항없음,33.5177066,126.538286
관광호텔업,탐라스테이,제주특별자치도 제주시 애월읍 애월해안로 881,116,064-742-8848,특이사항없음,33.4869581,126.3912308
관광호텔업,스카이힐비즈니스 관광호텔,제주특별자치도 제주시 서광로24길 1,78,064-751-5177,특이사항없음,33.4994711,126.5232929
관광호텔업,슬림관광호텔,제주특별자치도 제주시 서광로 292-1,42,064-722-1551,특이사항없음,33.500198,126.5277407
관광호텔업,인덱스 제이드림호텔,제주특별자치도 제주시 은남1길 40,77,064-797-6900,특이사항없음,33.4894347,126.4915605
관광호텔업,어반아일랜드호텔,제주특별자치도 제주시 삼무로 76,70,064-740-1900,특이사항없음,33.4895701,126.4947409
관광호텔업,더스테이센추리호텔,제주특별자치도 제주시 애월읍 일주서로 7113,91,064-800-4000,특이사항없음,33.4848818,126.4089787
관광호텔업,오드리 인,제주특별자치도 제주시 서해안로 100,82,064-710-8000,특이사항없음,33.5031623,126.4601794
관광호텔업,스위트캐슬,제주특별자치도 제주시 조천읍 신북로 443,90,064-731-3700,특이사항없음,33.5441827,126.6571156
관광호텔업,호텔난타,제주특별자치도 제주시 선돌목동길 56-26  ,204,064-727-0603,특이사항없음,33.4456536,126.5475963
관광호텔업,(주)호텔샬롬,제주특별자치도 제주시 동광로 34,176,064-720-7700,특이사항없음,33.5019708,126.5326314
관광호텔업,제주레슬리호텔,제주특별자치도 제주시 광평길 3,96,064-713-6800,특이사항없음,33.4811852,126.4707066
관광호텔업,제주노블레스 관광호텔,제주특별자치도 제주시 월성로4길 19,150,064-748-7161,특이사항없음,33.5011514,126.5033866
관광호텔업,호텔 시리우스,제주특별자치도 제주시 도령로 133,280,,특이사항없음,33.4934411,126.4910541
관광호텔업,다인오세아노호텔,제주특별자치도 제주시 애월읍 애월해안로 394,83,064-799-2600,특이사항없음,33.4725009,126.3504542
관광호텔업,시티홀관광호텔제주,제주특별자치도 제주시 동광로4길 9-4,30,064-726-5678,특이사항없음,33.5007936,126.5319854
관광호텔업,그랜드하얏트 제주,제주특별자치도 제주시 노연로 12,750,064-795-6336,특이사항없음,33.4853796,126.4815295
관광호텔업,아루미호텔 협재점,제주특별자치도 제주시 한림읍 한림로 545,55,064-738-9780,특이사항없음,33.4063613,126.2562935
관광호텔업,에코랜드 호텔,제주특별자치도 제주시 조천읍 남조로 1982,200,064-802-8054,특이사항없음,33.4482158,126.6722853
관광호텔업,(주)호텔신라 제주신라,제주특별자치도 서귀포시 중문관광로72번길 75 ,429,064-735-5114,특이사항없음,33.2471631,126.4079553
관광호텔업,㈜호텔롯데 롯데호텔 제주,제주특별자치도 서귀포시 중문관광로72번길 35 ,500,064-731-1000,특이사항없음,33.2482702,126.4104128
관광호텔업,파르나스 호텔 제주,제주특별자치도 서귀포시 중문관광로72번길 100 ,307,064-733-1234,특이사항없음,33.2477763,126.4086974
관광호텔업,㈜교원프라퍼티 스위트호텔 제주,제주특별자치도 서귀포시 중문관광로72번길 67 ,90,064-738-3800,특이사항없음,33.2493321,126.4082147
관광호텔업,서귀포KAL호텔,제주특별자치도 서귀포시 칠십리로 242  ,225,064-733-2001,특이사항없음,33.2462908,126.5813639
관광호텔업,해비치호텔,제주특별자치도 서귀포시 표선면 민속해안로 537,288,064-780-8000,특이사항없음,33.3233757,126.8447677
관광호텔업,WE호텔,제주특별자치도 서귀포시 1100로 453-95,86,064-730-1200,특이사항없음,33.2861489,126.4444554
관광호텔업,CASALOMA HOTEL,제주특별자치도 서귀포시 태평로 347 ,108,064-733-2121,특이사항없음,33.2467345,126.5586743
관광호텔업,헤이서귀포,제주특별자치도 서귀포시 태평로 363  ,134,064-763-0024,특이사항없음,33.2462331,126.5603065
관광호텔업,호텔 더 그랑 서귀포,제주특별자치도 서귀포시 중정로 16,72,064-732-8311,특이사항없음,33.2473366,126.5581441
관광호텔업,호텔굿인 서귀포,제주특별자치도 서귀포시 태평로439번길 14 ,41,064-767-9600,특이사항없음,33.2468031,126.5658424
관광호텔업,머큐어 앰배서더 제주,제주특별자치도 서귀포시 안덕면 한창로 365,72,064-793-1000,특이사항없음,33.2928278,126.3476318
관광호텔업,부영CC관광호텔,제주특별자치도 서귀포시 남원읍 남조로 960,74,064-766-5500,특이사항없음,33.3589908,126.7119415
관광호텔업,파인힐호텔,제주특별자치도 서귀포시 부두로 44,55,064-762-5988,특이사항없음,33.2413534,126.5644037
관광호텔업,호텔랑주,제주특별자치도 서귀포시 김정문화로27번길 23-3,31,064-739-0012,특이사항없음,33.2539452,126.5079762
관광호텔업,호텔빠레브 주식회사,제주특별자치도 서귀포시 김정문화로 15,204,064-735-8899,특이사항없음,33.2524864,126.5066594
관광호텔업,호텔 스카브로,제주특별자치도 서귀포시 예래해안로 15,41,064-738-1551,특이사항없음,33.2333618,126.3701046
관광호텔업,아리아호텔,제주특별자치도 서귀포시 중문관광로 23-1,51,064-738-8981,특이사항없음,33.255789,126.4153799
관광호텔업,제주항공우주호텔,제주특별자치도 서귀포시 안덕면 녹차분재로 216,110,064-798-5500,특이사항없음,33.3022751,126.2947784
관광호텔업,㈜조선호텔앤리조트 그랜드조선 제주,제주특별자치도 서귀포시 중문관광로72번길 60,248,064-735-8900,특이사항없음,33.249859,126.4049977
관광호텔업,호텔 캘리포니아,제주특별자치도 서귀포시 김정문화로 27번길 14-4,64,064-738-9902,특이사항없음,33.2528921,126.5083781
관광호텔업,풍경호텔,제주특별자치도 서귀포시 남성중로 147,48,064-733-3355,특이사항없음,33.2448563,126.5535325
관광호텔업,호텔화인,제주특별자치도 서귀포시 칠십리로 87,96,064-801-8888,특이사항없음,33.2405188,126.5650839
관광호텔업,베니키아 중문호텔,제주특별자치도 서귀포시 천제연로 166,45,064-802-8888,특이사항없음,33.2518948,126.4224038
관광호텔업,제주 부영호텔 & 리조트,제주특별자치도 서귀포시 중문관광로 222,262,064-731-5500,특이사항없음,33.2423055,126.4232514
관광호텔업,파크선샤인제주관광호텔,제주특별자치도 서귀포시 남성중로 135,105,064-766-1000,특이사항없음,33.2435819,126.5535596
관광호텔업,비케이호텔인제주,제주특별자치도 서귀포시 칠십리로91번길 12,55,064-763-0779,특이사항없음,33.2410573,126.564319
관광호텔업,블루마운틴관광호텔,제주특별자치도 서귀포시 성산읍 일출로 297,38,064-731-8888,특이사항없음,33.4637774,126.9343382
관광호텔업,오션블루호텔,제주특별자치도 서귀포시 이어도로 67,30,064-722-9991,특이사항없음,33.2388934,126.4303928
관광호텔업,제주리시온관광호텔,제주특별자치도 서귀포시 표선면 표선동서로 263  ,77,064-787-8841,특이사항없음,33.3271982,126.8336286
관광호텔업,유어스호텔,제주특별자치도 서귀포시 천제연로 178번길 21,83,064-733-7500,특이사항없음,33.2498656,126.4238197
관광호텔업,그랜드메르호텔 제주,제주특별자치도 서귀포시 논짓물로 45,94,064-801-7000,특이사항없음,33.2396011,126.385934
관광호텔업,제주스테이,제주특별자치도 서귀포시 성산읍 신고로 11,80,064-783-8877,특이사항없음,33.4381258,126.9158602
관광호텔업,히든클리프호텔&네이쳐,제주특별자치도 서귀포시 예래해안로 542,250,064-752-7777,특이사항없음,33.2548845,126.4023408
관광호텔업,성산썬라이즈호텔,제주특별자치도 서귀포시 성산읍 성산등용로17번길 35,47,064-782-6650,특이사항없음,33.4623615,126.9309823
관광호텔업,호텔더본제주,제주특별자치도 서귀포시 색달로 18,139,064-766-8988,특이사항없음,33.2594337,126.4063059
관광호텔업,playce(플레이스),제주특별자치도 서귀포시 성산읍 동류암로 20,202,064-766-3050,특이사항없음,33.4499881,126.9182865
관광호텔업,제주 티라 호텔,제주특별자치도 서귀포시 성산읍 섭지코지로25번길 41,30,064-786-5353,특이사항없음,33.4425964,126.9185116
관광호텔업,제주신화월드 호텔 앤 리조트,제주특별자치도 서귀포시 안덕면 신화역사로304번길 38,"1,720",064-908-6000,특이사항없음,33.3071802,126.3174379
관광호텔업,호텔 아루미,제주특별자치도 서귀포시 색달중앙로 38,78,064-738-9780,특이사항없음,33.2586064,126.4139768
관광호텔업,삼매봉호텔,제주특별자치도 서귀포시 태평로 152,89,064-738-7765,특이사항없음,33.242896,126.5381128
관광호텔업,골드윈호텔&스위트,제주특별자치도 서귀포시 이어도로 1032,51,064-801-5000,특이사항없음,33.2441637,126.5223564
한국전통호텔업,씨에스개발㈜ 씨에스호텔앤리조트,제주특별자치도 서귀포시 중문관광로 198   ,26,064-735-3000,특이사항없음,33.242596,126.4210209
가족호텔업,꼬뜨도르가족호텔,제주특별자치도 제주시 구좌읍 일주동로 1724 ,30,064-782-0800,특이사항없음,33.5291728,126.8123293
가족호텔업,그림리조트,제주특별자치도 제주시 서해안로 620-1   ,30,064-742-2080,특이사항없음,33.5163208,126.5035006
가족호텔업,다인리조트,제주특별자치도 제주시 애월읍 애월해안로 400-9 ,43,064-799-2600,특이사항없음,33.4714919,126.351163
가족호텔업,올레리조트,제주특별자치도 제주시 애월읍 부룡수길 33,53,064-799-7770,특이사항없음,33.4755119,126.3562405
가족호텔업,베스트웨스턴 제주호텔,제주특별자치도 제주시 도령로 27  ,350,064-797-6000,특이사항없음,33.4878289,126.4818464
가족호텔업,다인호텔앤리조트(2차)(구.다인리조트 투(2차)),제주특별자치도 제주시 애월읍 애월해안로 400-9,39,064-799-2600,특이사항없음,33.4714919,126.351163
가족호텔업,㈜아모렉스리조트,제주특별자치도 제주시 서해안로 216 ,173,064-711-0125,특이사항없음,33.5074894,126.4702517
가족호텔업,제주나인리조트,제주특별자치도 제주시 해안마을북길 14-5,30,064-722-2222,특이사항없음,33.4648632,126.4535028
가족호텔업,오투힐리조트(구. (주)하바나호텔앤리조트),제주특별자치도 제주시 구좌읍 해맞이해안로 1590-6 ,36,,특이사항없음,33.5290971,126.8463777
가족호텔업,탑스텐 빌라드애월(구.부띠끄호텔빌라드애월),제주특별자치도 제주시 애월읍 애월해안로 516-7,53,064-720-9000,특이사항없음,33.4774195,126.3599636
가족호텔업,로긴리조트,제주특별자치도 제주시 서해안로 442-11  ,31,064-723-3333,특이사항없음,33.5170358,126.4885373
가족호텔업,블루하와이리조트,제주특별자치도 제주시 한림읍 한림로 77,86,064-773-0800,특이사항없음,33.3813531,126.2180497
가족호텔업,위플 스테이(구.제주에어포트호텔),제주특별자치도 제주시 도령로 102,64,064-745-9555,특이사항없음,33.4909528,126.4887744
가족호텔업,오션패밀리호텔 스토리,제주특별자치도 제주시 일주서로 7531,30,064-712-3900,특이사항없음,33.4952795,126.4510239
가족호텔업,하이제주호텔(구.홍익제주호텔),제주특별자치도 제주시 한림읍 일주서로 5125,96,064-723-5801,특이사항없음,33.3917509,126.2533243
가족호텔업,호텔 펄리(구. ㈜호텔샹그릴라),제주특별자치도 제주시 노형로 79  ,124,064-726-0041,특이사항없음,33.4639105,126.4548563
가족호텔업,오로라호텔(구.아인피플 호텔),제주특별자치도 제주시 논세길 51,51,064-748-1700,특이사항없음,33.4894785,126.4421936
가족호텔업,샹그릴라호텔,제주특별자치도 제주시 해안마을북길 14-6,198,064-743-8098,특이사항없음,33.4635521,126.4537615
가족호텔업,에코그린리조트(구. 에코패밀리호텔),제주특별자치도 제주시 한림읍 귀덕6길 94,90,064-796-8333,특이사항없음,33.4357006,126.2915662
가족호텔업,이화호텔,제주특별자치도 제주시 도령로 155,64,064-745-8188,특이사항없음,33.4946988,126.4923134
가족호텔업,마레보가족호텔,제주특별자치도 제주시 애월읍 신엄안3길 135,95,064-799-2090,특이사항없음,33.4715276,126.3541906
가족호텔업,더제주리조트,제주특별자치도 제주시 한림읍 협재로 226,72,064-796-2908,특이사항없음,33.3785431,126.2512578
가족호텔업,수앤수리조트,제주특별자치도 제주시 애월읍 부룡수길60,40,064-799-7090,특이사항없음,33.4741615,126.3586953
가족호텔업,리치호텔,제주특별자치도 제주시 애월읍 고내로13길 100,32,064-799-1991,특이사항없음,33.4722441,126.3488103
가족호텔업,베드라디오 도두봉(구. 도두봉호텔),제주특별자치도 제주시 서해안로 204,36,064-748-8862,특이사항없음,33.5065442,126.4698031
가족호텔업,호텔펄리플러스,제주특별자치도 제주시 도두봉2길 2,125,064-702-0071,특이사항없음,33.5054815,126.4697222
가족호텔업,블루하와이호텔,제주특별자치도 제주시 한림읍 한림로 75,99,064-796-8191,특이사항없음,33.3807207,126.2183712
가족호텔업,샐리스 제주호텔,제주특별자치도 제주시 애월읍 고내리 46,55,064-801-0025,특이사항없음,33.4630284,126.3384173
가족호텔업,아길라 호텔,제주특별자치도 제주시 한림읍 옹포2길 10,31,064-798-7700,특이사항없음,33.3999521,126.2494938
가족호텔업,스카이호텔,제주특별자치도 제주시 한림읍 한림로 917,31,064-796-7900,특이사항없음,33.4328455,126.2761169
가족호텔업,블루스프링 부띠끄 호텔,제주특별자치도 제주시 한림읍 한림로 330,31,064-796-1781,특이사항없음,33.392976,126.2402397
가족호텔업,SUN STAY HOTEL,제주특별자치도 제주시 신광로 93,30,064-744-7545,특이사항없음,33.4836948,126.4901265
가족호텔업,그랑빌 가족호텔,제주특별자치도 서귀포시 중문관광로 17  ,42,064-739-9994,특이사항없음,33.2562588,126.4152251
가족호텔업,중문빌리지 가족호텔,제주특별자치도 서귀포시 예래로 270,30,064-738-3151,특이사항없음,33.2427395,126.3851905
가족호텔업,송악리조트,제주특별자치도 서귀포시 대정읍 형제해안로 256-5,30,064-794-6307,특이사항없음,33.2118276,126.2915646
가족호텔업,담앤루,제주특별자치도 서귀포시 이어도로343번길 63  ,43,064-739-6617,특이사항없음,33.247142,126.451081
가족호텔업,뷰티플리조트,제주특별자치도 서귀포시 이어도로253번길 2  ,32,064-738-7407,특이사항없음,33.2431059,126.4466525
가족호텔업,중문리조트,제주특별자치도 서귀포시 색달로 117,44,064-738-0085,특이사항없음,33.2624172,126.4156649
가족호텔업,아라온리조트,제주특별자치도 서귀포시 소보리당로 220,55,,특이사항없음,33.2626513,126.3842078
가족호텔업,중문통나무가족호텔,제주특별자치도 서귀포시 중산간서로594번길 7-28,30,064-738-8383,특이사항없음,33.2645157,126.4509683
가족호텔업,와이리조트 제주,제주특별자치도  서귀포시 안덕면 화순중앙로124번길 75,32,064-794-7007,특이사항없음,33.2425613,126.3276357
가족호텔업,코델리아리조트,제주특별자치도 서귀포시 성산읍 일주동로4120번길 23-20 ,104,,특이사항없음,33.4591059,126.9102124
가족호텔업,아름다운리조트,제주특별자치도 서귀포시 성산읍 해맞이해안로 2644  ,38,064-782-1300,특이사항없음,33.4752576,126.9101107
가족호텔업,엔파제주호텔,제주특별자치도 서귀포시 성산읍 서성일로 726-11,31,064-783-1000,특이사항없음,33.4299289,126.8619656
가족호텔업,봄그리고가을리조트,제주특별자치도 서귀포시 성산읍 해맞이해안로 2660,46,064-784-2211,특이사항없음,33.4738934,126.9108755
가족호텔업,H.Y 초이호스텔 ,제주특별자치도 서귀포시 태평로335번길 11-1,32,064-732-3070,특이사항없음,33.2470814,126.5583908
가족호텔업,파미유리조트 가족호텔,제주특별자치도 서귀포시 이어도로 826-6,35,064-738-9186,특이사항없음,33.2352002,126.5029241
가족호텔업,호텔 섬오름,제주특별자치도 서귀포시 막숙포로 114,53,064-800-7200,특이사항없음,33.2331153,126.5105079
가족호텔업,키코앤일레인,제주특별자치도 서귀포시 일주서로 660,42,064-738-2013,특이사항없음,33.2546584,126.4392868
가족호텔업,봄그리고가을 가족호텔,제주특별자치도 서귀포시 성산읍 해맞이해안로 2652,86,064-784-2211,특이사항없음,33.4744609,126.9105998
가족호텔업,토스카나호텔,제주특별자치도 서귀포시 용흥로66번길 158-7,99,064-735-7000,특이사항없음,33.2654814,126.4842785
가족호텔업,성산아쿠아비치호텔,제주특별자치도 서귀포시 성산읍 일주동로 4258,61,064-780-3000,특이사항없음,33.4483875,126.9119374
가족호텔업,호텔아로하,제주특별자치도 서귀포시 성산읍 성산등용로 40,34,064-782-3100,특이사항없음,33.4663987,126.9309357
가족호텔업,더포그레이스호텔앤리조트,제주특별자치도 서귀포시 성산읍 해맞이해안로 2670,144,064-797-7700,특이사항없음,33.4736366,126.910674
가족호텔업,브리즈베이호텔,제주특별자치도 서귀포시 성산읍 성산등용로 42,40,064-784-0000,특이사항없음,33.4665462,126.9307256
가족호텔업,제이뷰호텔,제주특별자치도 서귀포시 중산간서로 935,37,064-739-5200,특이사항없음,33.264604,126.4164785
가족호텔업,호텔 휴식 서귀포,제주특별자치도 서귀포시 중앙로71번길 17,74,064-730-5000,특이사항없음,33.2503963,126.5595467
가족호텔업,코델리아S호텔,제주특별자치도 서귀포시 성산읍 일주동로 4186,236,064-783-0053,특이사항없음,33.4549638,126.9101393
가족호텔업,썬라이즈호텔 섭지코지점,제주특별자치도 서귀포시 성산읍 신양로 83,40,064-784-7848,특이사항없음,33.4366809,126.9182877
가족호텔업,제이앤비 가족호텔,제주특별자치도 서귀포시 토평남로30번길 10-8,31,064-733-8864,특이사항없음,33.2606097,126.5926485
가족호텔업,글레즈하임호텔,제주특별자치도 서귀포시 이어도로 777,42,064-735-0200,특이사항없음,33.2366898,126.4980542
가족호텔업,산방산호텔,제주특별자치도 서귀포시 대정읍 일주서로 2093,67,064-909-9999,특이사항없음,33.2497944,126.2933203
호스텔업,아마스빌 리조트(구.아마스빌 호스텔),제주특별자치도 제주시 애월읍 신엄안3길 101,20,064-799-7300,특이사항없음,33.4724193,126.3570744
호스텔업,길리 리조트(구.협재 사계절 리조트),제주특별자치도 제주시 한림읍 명재로 100-47 ,28,064-796-3721,특이사항없음,33.390623,126.2604127
호스텔업,해미안,제주특별자치도 제주시 일주서로 7353  ,20,064-713-2001,특이사항없음,33.4937381,126.4322151
호스텔업,용두암캐빈,제주특별자치도 제주시 어영길 32  ,20,064-712-2550,특이사항없음,33.518068,126.4964728
호스텔업,라이트프리(구. 에바다호스텔),제주특별자치도 제주시 현사길 45  ,30,064-744-1398,특이사항없음,33.497294,126.447419
호스텔업,카이 호스텔,제주특별자치도 제주시 한림읍 협재2길 10,23,064-796-2428,특이사항없음,33.3921364,126.241274
호스텔업,이호리조트,제주특별자치도 제주시 도리로 106-16  ,24,064-711-6625,특이사항없음,33.4994276,126.463362
호스텔업,씨클리프호텔제주(구. 윈드힐호텔&리조트),제주특별자치도 제주시 애월읍 애월해안로 554-8,41,064-799-3544,특이사항없음,33.4776667,126.3629138
호스텔업,스완지,제주특별자치도 제주시 서해안로 84,25,064-744-6700,특이사항없음,33.5030989,126.4580686
호스텔업,화이트하우스(구 ㈜호텔 알리앙스),제주특별자치도 제주시 서해안로 380,20,064-712-3200,특이사항없음,33.5123696,126.4845371
호스텔업,에덴호스텔,제주특별자치도 제주시 서해안로 456-12  ,20,064-749-0006,특이사항없음,33.518435,126.489241
호스텔업,제주 조이황토리조트(구. 조이 황토리조트),제주특별자치도 제주시 애월읍 신상로 258,24,064-743-8114,특이사항없음,33.4493165,126.36665
호스텔업,레브호텔제주,제주특별자치도 제주시 은남1길15,31,064-745-8228,특이사항없음,33.4890771,126.4941485
호스텔업,하모니리조트,제주특별자치도 제주시 한림읍 협재로 213,20,064-796-8441,특이사항없음,33.3792626,126.2520542
호스텔업,제이투(J2),제주특별자치도 제주시 삼무로3길 37,30,064-713-2400,특이사항없음,33.4903019,126.491848
호스텔업,이호MH호텔(구. 레드월 호스텔),제주특별자치도 제주시 현사길 33,20,064-743-6444,특이사항없음,33.4970827,126.4484315
호스텔업,애월오션스테이(구.씨앤힐 스파펜션),제주특별자치도 제주시 애월읍 애월해안로 412,20,064-747-7007,특이사항없음,33.4729316,126.3524095
호스텔업,관광호스텔해밀,제주특별자치도 제주시 애월읍 광상로 272,21,064-799-3033,특이사항없음,33.4436259,126.404108
호스텔업,크라운골프텔,제주특별자치도 제주시 조천읍 북선로 125,25,064-784-4811,특이사항없음,33.5286642,126.6961026
호스텔업,제주리조트,제주특별자치도 제주시 애월읍 가문동상4길 11,25,064-745-5533,특이사항없음,33.4830132,126.3930486
호스텔업,블루스프링리조트(구.예그리나 리조트),제주특별자치도 제주시 구좌읍 일주동로 1845,20,064-784-1111,특이사항없음,33.5291728,126.8123293
호스텔업,에코그린스테이(구.에코그린펜션),제주특별자치도 제주시 한림읍 귀덕6길 92-9,21,064-796-8333,특이사항없음,33.4357022,126.2908788
호스텔업,더비치,제주특별자치도 제주시 서해안로 486-4,20,064-711-8831,특이사항없음,33.5186,126.4907732
호스텔업,비스타리조트,제주특별자치도 제주시 서해안로 74,20,064-713-6631,특이사항없음,33.5031197,126.457563
호스텔업,스카이관광호스텔,제주특별자치도 제주시 서광로29길 3,40,064-758-3385,특이사항없음,33.5007718,126.5265248
호스텔업,호텔통 연동,제주특별자치도 제주시 사장1길 28,34,064-743-2193,특이사항없음,33.4853789,126.492687
호스텔업,퓨어스테이오션(구. 미라클호텔),제주특별자치도 제주시 서해안로 346-14,29,064-746-7895,특이사항없음,33.5094144,126.4812632
호스텔업,엠버리조트,제주특별자치도 제주시 1100로 2671-51,20,064-745-7461,특이사항없음,33.4236848,126.4889875
호스텔업,제주프레임호스텔,제주특별자치도 제주시 애월읍 애월해안로 907,20,064-748-4000,특이사항없음,33.484864,126.3924355
호스텔업,우림호스텔,제주특별자치도 제주시 애월읍 애월해안로 917,21,064-749-2777,특이사항없음,33.4843126,126.3934999
호스텔업,썬하우스,제주특별자치도 제주시 한림읍 일주서로 5556,22,064-796-8250,특이사항없음,33.4230332,126.2784971
호스텔업,호텔 더 도두,제주특별자치도 제주시 도공로 2,34,064-749-0880,특이사항없음,33.5060695,126.4649759
호스텔업,나디아호스텔,제주특별자치도 제주시 애월읍 애원로 74,20,064-799-8933,특이사항없음,33.4581533,126.3223293
호스텔업,레드클레이호스텔,제주특별자치도 제주시 애월읍 신상로 266,23,064-749-5100,특이사항없음,33.4488228,126.3660606
호스텔업,노벨리조트,제주특별자치도 제주시 서해안로 122,23,064-713-6181,특이사항없음,33.5025164,126.4623408
호스텔업,시드니호텔,제주특별자치도 제주시 애월읍 애월해안로 943,26,064-713-3399,특이사항없음,33.4838125,126.3957148
호스텔업,썬비치리조트,제주특별자치도 제주시 서해안로 114,30,064-726-6668,특이사항없음,33.5026549,126.4614316
호스텔업,자몽호스텔,제주특별자치도 제주시 한림읍 한림해안로 136,32,064-796-1121,특이사항없음,33.4149157,126.2613654
호스텔업,씨스테이호텔,제주특별자치도 제주시 애월읍 애월해안로 255,23,064-799-7757,특이사항없음,33.4675822,126.3389913
호스텔업,시드니호텔 2,제주특별자치도 제주시 애월읍 애월해안로 945,20,064-713-3399,특이사항없음,33.4836397,126.3960526
호스텔업,나이스호텔(구.제주도 게스트하우스파티 나이스캣),제주특별자치도 제주시 논세길 96-38,46,064-749-0105,특이사항없음,33.4829548,126.4424395
호스텔업,호텔풀리벤시아(구. 리벤시아호스텔),제주특별자치도 제주시 한림읍 한림로 33,21,064-805-0020,특이사항없음,33.3771616,126.218424
호스텔업,흰수염고래리조트,제주특별자치도 제주시 애월읍 일주서로 6818,24,064-747-5553,특이사항없음,33.4749604,126.3802403
호스텔업,알리바호텔,제주특별자치도 제주시 서광로 251,28,064-805-8336,특이사항없음,33.5000336,126.5233805
호스텔업,삼다호스텔,제주특별자치도 제주시 서해안로 456-6,21,064-745-4456,특이사항없음,33.5182138,126.4888802
호스텔업,노형호텔,제주특별자치도 제주시 수덕1길 7,48,064-747-2260,특이사항없음,33.4861316,126.4781226
호스텔업,물뜰에 쉼팡 리조트,제주특별자치도 제주시 한림읍 귀덕로 73,36,064-792-7930,특이사항없음,33.4380945,126.2976927
호스텔업,메이저2호스텔,제주특별자치도 제주시 은남4길 40,47,064-742-6889,특이사항없음,33.4865524,126.4915468
호스텔업,더퍼스트호스텔 ,제주특별자치도 제주시 한림읍 한림로 695,22,064-796-6950,특이사항없음,33.416759,126.2647321
호스텔업,라인호텔,제주특별자치도 제주시 동광로 40,43,064-722-8161,특이사항없음,33.5022267,126.5332056
호스텔업,뷰띠끄 헤르츠 호텔,제주특별자치도 제주시 중앙로 252,31,064-805-9800,특이사항없음,33.4974077,126.5311349
호스텔업,나비스 호스텔,제주특별자치도 제주시 애월읍 애월해안로 885,41,064-712-5200,특이사항없음,33.4862622,126.3914994
호스텔업,제주담 스파빌,제주특별자치도 제주시 한림로 162,20,064-799-2020,특이사항없음,33.3856046,126.2253064
호스텔업,호텔몽듀,제주특별자치도 제주시 서해안로 382 ,20,064-712-8811,특이사항없음,33.5127096,126.4845144
호스텔업,정안호스텔,제주특별자치도 제주시 용문로 166,30,064-900-5095,특이사항없음,33.5088935,126.5110295
호스텔업,더포힐스(구. 제이바다),제주특별자치도 제주시 서해안로 258,23,064-744-5672,특이사항없음,33.5091546,126.4733423
호스텔업,솔트,제주특별자치도 제주시 애월읍 애월해안로 226,20,064-799-6401,특이사항없음,33.46703,126.3363313
호스텔업,메르블루,제주특별자치도 제주시 서해안로 368,23,064-712-4711,특이사항없음,33.511401,126.4840565
호스텔업,더제이드,제주특별자치도 제주시 관덕로15길 7-1,20,064-717-7000,특이사항없음,33.5139091,126.5266753
호스텔업,마음스테이,제주특별자치도 제주시 구좌읍 평대13길 42-1,20,,특이사항없음,33.5261511,126.8539631
호스텔업,닻발,제주특별자치도 제주시 애월읍 애월해안로 249,20,,특이사항없음,33.4673966,126.3384458
호스텔업,누가빌리지호스텔,제주특별자치도 서귀포시 산록남로 2704,36,064-733-9977,특이사항없음,33.2968291,126.5734647
호스텔업,제이하우스,제주특별자치도 서귀포시 중산간서로 241,21,064-739-7891,특이사항없음,33.2604684,126.4856177
호스텔업,비울채울,제주특별자치도 서귀포시 검은여로130번길 73,20,,특이사항없음,33.249347,126.5895166
호스텔업,가산토방 호스텔,제주특별자치도 서귀포시 인정오름로86번길 3,28,064-732-2095,휴업(2022-09-28~2023-03-27),33.2877115,126.5776012
호스텔업,오션트리,제주특별자치도  서귀포시 월드컵로 188 ,24,064-739-1239,특이사항없음,33.2329127,126.5054728
호스텔업,올레요리조트,제주특별자치도 서귀포시 이어도로 720,23,064-739-8558,특이사항없음,33.2347541,126.4927849
호스텔업,코델리아호스텔,제주특별자치도 서귀포시 성산읍 일주동로4120번길 23-16 ,22,,특이사항없음,33.459436,126.9096956
호스텔업,더 비비스 제주(The BB's JEJU),제주특별자치도 서귀포시 이어도로 760 ,20,064-739-4114,특이사항없음,33.2403359,126.476637
호스텔업,해성파크텔,제주특별자치도 서귀포시 천제연로 158-4 ,30,064-738-5050,특이사항없음,33.2522963,126.4213741
호스텔업,펠리스타운,제주특별자치도 서귀포시 성산읍 시흥하동로50번길 23,20,064-782-4003,특이사항없음,33.4744539,126.9079588
호스텔업,화이트캐슬,제주특별자치도 서귀포시 이어도로 1060,20,064-739-8811,특이사항없음,33.2457021,126.5241143
호스텔업,비스비제주 앤 팜빌리지,제주특별자치도 서귀포시 속골로 29-10,29,064-739-5100,특이사항없음,33.2422349,126.5280498
호스텔업,오렌지호텔,제주특별자치도 서귀포시 태평로335번길 3,40,064-762-9393,특이사항없음,33.2471656,126.55742
호스텔업,섬,제주특별자치도 서귀포시 태평로 111,20,064-739-1166,특이사항없음,33.2443236,126.5350253
호스텔업,주식회사 포트에비뉴,제주특별자치도 서귀포시 대포동서로 63-19,20,064-738-3910,특이사항없음,33.2407904,126.4385392
호스텔업,돔베리조트,제주특별자치도 서귀포시 태평로92번길 34,20,064-739-6780,특이사항없음,33.2414418,126.5311309
호스텔업,성산비치호텔,제주특별자치도 서귀포시 성산읍 성산등용로 13,28,064-784-1000,특이사항없음,33.4648357,126.9328656
호스텔업,천지연호텔,제주특별자치도 서귀포시 솔동산로 40,20,064-762-1002,특이사항없음,33.2419333,126.5624613
호스텔업,휴호스텔,제주특별자치도 서귀포시 구산봉로21번길 62,20,064-900-3336,특이사항없음,33.2538127,126.4535333
호스텔업,제주아이브리조트,제주특별자치도 서귀포시 산록남로 1966-34 ,63,064-739-8899,특이사항없음,33.288409,126.4968764
호스텔업,뜨레피아,제주특별자치도 서귀포시 월평하원로 111,21,064-738-5848,특이사항없음,33.2493417,126.458831
호스텔업,블루펄리조트,제주특별자치도 서귀포시 태평로92번길 35,20,064-739-4002,특이사항없음,33.2412528,126.5319286
호스텔업,더베이리조트,제주특별자치도 서귀포시 문필로35번길 46,21,064-732-8500,특이사항없음,33.2411845,126.5933945
호스텔업,프라이빗리조트,제주특별자치도 서귀포시 태평로 130,21,064-723-9802,특이사항없음,33.2444862,126.5371529
호스텔업,㈜알파캠프 제주원호스텔,제주특별자치도 서귀포시 성산읍 서성일로 726-33,20,064-784-7337,특이사항없음,33.4285131,126.8626742
호스텔업,아이리스호스텔,제주특별자치도 서귀포시 솔동산로 16-1,20,064-763-5400,특이사항없음,33.2434056,126.563846
호스텔업,돌과 바람 리조트,제주특별자치도 서귀포시 하신상로 166,20,064-732-3210,특이사항없음,33.2722415,126.6102316
호스텔업,THE SERI HOSTEL,제주특별자치도 서귀포시 법환상로2번길 97-17,30,064-739-9966,특이사항없음,33.2470683,126.5120292
호스텔업,돈내코 리조트,제주특별자치도 서귀포시 돈내코로 180,20,064-762-8400,특이사항없음,33.3027048,126.5783491
호스텔업,제주 휴리조트1,제주특별자치도 서귀포시 성산읍 난고로 228,20,064-783-1167,특이사항없음,33.4209377,126.8940155
호스텔업,제주 휴리조트2,제주특별자치도 서귀포시 성산읍 난고로 230,20,064-783-1166,특이사항없음,33.4207144,126.8937969
호스텔업,제이앤클로이,제주특별자치도 서귀포시 대정읍 무릉중앙로 203,20,064-794-3355,특이사항없음,33.2572119,126.1888401
호스텔업,성산호스텔,제주특별자치도 서귀포시 성산읍 서성일로 726-35,20,064-784-7337,특이사항없음,33.4281792,126.8623385
호스텔업,브리지스튜디오,제주특별자치도 서귀포시 이어도로 738,20,064-739-1700,특이사항없음,33.235307,126.4941154
호스텔업,제주와일드,제주특별자치도 서귀포시 논짓물로 28,22,064-738-5584,특이사항없음,33.2387885,126.387381
호스텔업,불란지호스텔,제주특별자치도 서귀포시 대정읍 하모중앙로 46-6,20,064-794-2552,특이사항없음,33.2244615,126.2517821
호스텔업,호텔 더 그랑 중문,제주특별자치도 서귀포시 색달중앙로 19,25,064-730-9780,특이사항없음,33.2573806,126.4131969
호스텔업,더스테이,제주특별자치도 서귀포시 신서로48번길 52-7,20,064-738-9933,특이사항없음,33.2524019,126.5105426
호스텔업,소금막호스텔,제주특별자치도 서귀포시 쇠소깍로 151-14,20,064-767-0883,특이사항없음,33.2505663,126.6203759
호스텔업,오라호스텔,제주특별자치도 서귀포시 성산읍 서성일로 726-37,20,064-784-7337,특이사항없음,33.4281857,126.8620197
호스텔업,제주베네치아호텔,제주특별자치도 서귀포시 중앙로 23-2,27,064-762-9996,특이사항없음,33.2467906,126.5614991
호스텔업,오션힐스테이,제주특별자치도 서귀포시 안덕면 사계북로 208,20,064-792-0102,특이사항없음,33.2367536,126.3089621
호스텔업,마린포트리조트,제주특별자치도 서귀포시 이어도로 744,20,064-738-2277,특이사항없음,33.2354606,126.49483
호스텔업,파밀리아,제주특별자치도 서귀포시 대포동서로 63-20,28,064-738-2599,특이사항없음,33.2409226,126.4380699
호스텔업,호텔 엠씨씨,제주특별자치도 서귀포시 성산읍 섭지코지로25번길 29,21,064-783-2219,특이사항없음,33.4418028,126.9188237
호스텔업,제이힐호텔,제주특별자치도 서귀포시 천제연로188번길 11 ,35,064-805-7600,특이사항없음,33.2507861,126.424702
호스텔업,패밀리아펜션,제주특별자치도 서귀포시 표선면 번영로 3340,20,064-787-9009,특이사항없음,33.3509195,126.8232738
호스텔업,벙커호텔앤리조트,제주특별자치도 서귀포시 중산간동로8183번길 16,20,064-762-6333,특이사항없음,33.2612786,126.5426746
호스텔업,바다해호텔,제주특별자치도 서귀포시 천지연로 3-1,20,064-762-5300,특이사항없음,33.2414444,126.565685
호스텔업,보우힐펜션,제주특별자치도 서귀포시 대포연대로 50,24,064-739-9075,특이사항없음,33.2401776,126.4313578
호스텔업,㈜한국전화번호부엠티에스 제주M리조트,제주특별자치도 서귀포시 중산간서로157번길 28-6,20,064-739-3883,특이사항없음,33.2577831,126.4945114
호스텔업,펜션연리,제주특별자치도 서귀포시 논짓물로 50,21,064-739-2564,특이사항없음,33.2404221,126.3860267
호스텔업,팜밸리리조트,제주특별자치도 서귀포시 중산간서로 193,20,064-738-0002,특이사항없음,33.2593043,126.4907423
호스텔업,백패커스홈,제주특별자치도 서귀포시 중정로 24-7,29,064-763-4000,특이사항없음,33.2470391,126.5590304
호스텔업,모멘토하우스,제주특별자치도 서귀포시 태평로439번길 21,21,064-763-0293,특이사항없음,33.2465354,126.5649779
호스텔업,제주 나인 부띠끄호텔,제주특별자치도 서귀포시 솔동산로10번길 23,21,064-762-0045,특이사항없음,33.2426135,126.5627572
호스텔업,렉스호스텔,제주특별자치도 서귀포시 중앙로42번길 42-1,20,064-762-1600,특이사항없음,33.2490797,126.5662135
호스텔업,아인스호스텔,제주특별자치도 서귀포시 태평로 432,45,064-763-9911,특이사항없음,33.2454493,126.5664295
호스텔업,미도호스텔,제주특별자치도 서귀포시 동문동로 13-1,20,064-762-7627,특이사항없음,33.2500613,126.5663637
호스텔업,㈜알파캠프 탐라호스텔,제주특별자치도 서귀포시 성산읍 서성일로 726-31,20,064-784-7337,특이사항없음,33.4285185,126.8621867
호스텔업,제주 나르샤펜션,제주특별자치도 서귀포시 안덕면 사계북로 52,20,064-792-8522,특이사항없음,33.2338967,126.2938477
호스텔업,중문씨티호텔,제주특별자치도 서귀포시 중문상로 27,40,064-805-7600,특이사항없음,33.2509341,126.4248037
호스텔업,써니호텔,제주특별자치도 서귀포시 대정읍 신영로 87-1,28,064-792-7373,특이사항없음,33.2207258,126.2523531
호스텔업,퍼블리코,제주특별자치도 서귀포시 신서로48번길 20-9,23,064-721-8282,특이사항없음,33.2530197,126.5071365
호스텔업,모던플레이스,제주특별자치도 서귀포시 상예로 262,23,064-738-1024,특이사항없음,33.2679301,126.3947519
호스텔업,호텔펠리시아,제주특별자치도 서귀포시 일주동로 9123,31,064-739-0400,특이사항없음,33.2472554,126.5179533
호스텔업,중문썬라이즈 호스텔,제주특별자치도 서귀포시 중문관광로 310,40,064-763-2299,특이사항없음,33.2475605,126.4305389
호스텔업,제주도 스테이블,제주특별자치도 서귀포시 안덕면 사계북로 109,20,064-792-0045,특이사항없음,33.2369695,126.2993291
호스텔업,제이라움호스텔,제주특별자치도 서귀포시 대정읍 노을해안로 420,21,064-792-1240,특이사항없음,33.2567559,126.1903997
호스텔업,브릭 216,제주특별자치도 서귀포시 이어도로 216,20,064-766-0216,특이사항없음,33.240855,126.4434116
호스텔업,호텔라벤더 제주,제주특별자치도 서귀포시 중정로 1,22,064-762-7900,특이사항없음,33.2477159,126.556613
호스텔업,호텔연,제주특별자치도 서귀포시 솔동산로22번길 17-2,27,064-763-8855,특이사항없음,33.2439864,126.5621472
호스텔업,스와브호텔,제주특별자치도 서귀포시 서홍로 102,25,064-733-2272,특이사항없음,33.2571152,126.5530754
호스텔업,휴안스테이호텔,제주특별자치도 서귀포시 성산읍 성산중앙로37번길 9,22,064-786-1500,특이사항없음,33.4636761,126.9323329
호스텔업,솔동산 스테이,제주특별자치도 서귀포시 솔동산로10번길 45,20,064-732-8001,특이사항없음,33.2408541,126.5626364
호스텔업,제주도 두빛,제주특별자치도 서귀포시 안덕면 사계북로 107 ,20,064-792-0045,특이사항없음,33.2368228,126.2990562
호스텔업,스파호텔코자,제주특별자치도 서귀포시 대정읍 최남단해안로 44,28,064-794-2300,특이사항없음,33.2166675,126.2521425
호스텔업,더블루제주,제주특별자치도 서귀포시 칠십리로 479,20,064-732-6101,특이사항없음,33.2418978,126.601781
호스텔업,레지나펜션,제주특별자치도 서귀포시 이어도로 789,27,064-730-0800,특이사항없음,33.2370131,126.4995971
호스텔업,해리안호텔,제주특별자치도 서귀포시 천제연로 153,23,064-739-3030,특이사항없음,33.2529128,126.4214671
호스텔업,풍경호스텔,제주특별자치도 서귀포시 남성로 117,25,064-733-3355,특이사항없음,33.2423789,126.5528747
호스텔업,메종드 하버 39 호텔앤리조트,제주특별자치도 서귀포시 천지연로 39,30,064-732-1811,특이사항없음,33.2423527,126.5621026
호스텔업,T아일랜드호스텔,제주특별자치도 서귀포시 막숙포로 100,20,064-738-1577,특이사항없음,33.2334956,126.5113358
호스텔업,칠십리호텔,제주특별자치도 서귀포시 태평로353번길 22-3,27,064-732-7707,특이사항없음,33.2472144,126.5612931
호스텔업,중문스테이,제주특별자치도 서귀포시 중문관광로 288,27,064-738-1956,특이사항없음,33.245866,126.4294737
호스텔업,오피스제주,제주특별자치도 서귀포시 안덕면 향교로 214,20,,특이사항없음,33.2340812,126.2906059
호스텔업,제주브릭스,제주특별자치도 서귀포시 태평로 121,23,064-739-1902,특이사항없음,33.2445599,126.5358155
호스텔업,돈내코힐 리조트,제주특별자치도 서귀포시 돈내코로 178,21,064-762-8400,특이사항없음,33.3025469,126.5785999
호스텔업,호텔 버지니아,제주특별자치도 서귀포시 중정로61번길 31,58,064-767-5555,특이사항없음,33.2506429,126.5624296
호스텔업,피노호텔,제주특별자치도 서귀포시 천지연로29번길 5,30,064-763-3005,특이사항없음,33.2414205,126.5633442
호스텔업,서현호스텔,제주특별자치도 서귀포시 천지로 15,26,064-732-6407,특이사항없음,33.2489802,126.5607542
호스텔업,아띠랑스,제주특별자치도 서귀포시 성산읍 해맞이해안로 2614,20,064-900-5003,특이사항없음,33.4775018,126.9090288
호스텔업,마루호텔앤카페,제주특별자치도 서귀포시 안덕면 평화로 486,20,064-794-5665,특이사항없음,33.2791907,126.3177445
호스텔업,이아호텔,제주특별자치도 서귀포시 중정로36,42,064-732-6609,특이사항없음,33.2473689,126.5602733
호스텔업,한옥호텔 한라궁,제주특별자치도 서귀포시 칠십리로 243,21,064-732-7900,특이사항없음,33.2484749,126.5786251
호스텔업,런호텔,제주특별자치도 서귀포시 태평로431번길 20 ,32,064-766-1000,특이사항없음,33.2471605,126.5661877
호스텔업,HOTEL 이디,제주특별자치도 서귀포시 남원읍 태위로 690-3 ,20,064-764-5567,특이사항없음,33.2792397,126.7204735
호스텔업,빅썸호스텔,제주특별자치도 서귀포시 남원읍 태위로 984-7 ,24,064-764-8118,특이사항없음,33.2879965,126.7498415
호스텔업,올레휴,제주특별자치도 서귀포시 천지로 13,20,064-762-9102,특이사항없음,33.2488379,126.5607851
호스텔업,부띠끄스테이 스놉,제주특별자치도 서귀포시 예래해안로 17,20,,특이사항없음,33.2333088,126.3696031
호스텔업,취다선리조트,제주특별자치도 서귀포시 성산읍 해맞이해안로 2688,25,064-735-1600,특이사항없음,33.4718627,126.9128692
호스텔업,호텔 서귀피안,제주특별자치도 서귀포시 보목로64번길 178,30,,특이사항없음,33.2444011,126.5906654
호스텔업,엘렌,제주특별자치도 서귀포시 이어도로 152,20,,특이사항없음,33.2398003,126.4385613
호스텔업,더 그랜드 섬오름,제주특별자치도 서귀포시 막숙포로 118,79,,특이사항없음,33.2328083,126.5097921
호스텔업,더클라우드 풀앤스파,제주특별자치도 서귀포시 성산읍 한도로 269-37,23,064-783-8366,특이사항없음,33.4689926,126.9350866
호스텔업,㈜젠하이더웨이 트로피컬하이드어웨이,제주특별자치도 서귀포시 대정읍 형제해안로 284,20,064-792-1461,특이사항없음,33.209253,126.2912115
호스텔업,빨간모자달팽이,제주특별자치도 서귀포시 중앙로4번길 15,40,064-738-0059,특이사항없음,33.2454583,126.5634912
소형호텔업,Hotel Stay hyun,제주특별자치도 제주시 관덕로8길 7-12,26,064-900-1186,특이사항없음,33.5123131,126.5243383
소형호텔업,모슬포1호텔 ,제주특별자치도 서귀포시 대정읍 최남단해안로30번길 11,24,064-792-4723,특이사항없음,33.2177368,126.2509326
소형호텔업,모슬포2호텔,제주특별자치도 서귀포시 대정읍 최남단해안로30번길 13,24,064-792-4723,특이사항없음,33.2177311,126.250751
소형호텔업,모슬포3호텔,제주특별자치도 서귀포시 대정읍 최남단해안로30번길 15,24,064-792-4723,특이사항없음,33.2177226,126.2505565
소형호텔업,HOTEL 52,제주특별자치도 서귀포시 대정읍 신영로36번길 35,20,064-794-1831,특이사항없음,33.2198651,126.2470961
소형호텔업,카세로지,제주특별자치도 서귀포시 표선면 가시로 383,23,064-735-0311,특이사항없음,33.3450362,126.7864819
휴양콘도미니엄업,일성제주콘도미니엄,제주특별자치도 제주시 한림읍 한림로 239 ,50,064-796-8400,휴업 (2012-07-17~2023-06-30),33.3878293,126.2326456
휴양콘도미니엄업,이랜드파크 켄싱턴리조트 제주한림점,제주특별자치도 제주시 한림읍 한림해안로 530,50,064-796-9600,특이사항없음,33.435455,126.2745484
휴양콘도미니엄업,메가리조트제주,제주특별자치도 제주시 한경면 판포1길 6,50,064-772-9999,특이사항없음,33.3650395,126.1991985
휴양콘도미니엄업,사조그랜드리조트,제주특별자치도 제주시 조천읍 일주동로 1616-7,50,064-782-8600,휴업 (2020-08-01~2023-08-31),33.5517863,126.7050263
휴양콘도미니엄업,제주토비스콘도①,제주특별자치도 제주시 애월읍 애월로1길 8,50,064-799-4400,특이사항없음,33.4631254,126.3115839
휴양콘도미니엄업,㈜미봉제주점 제주금강산콘도 미니엄,제주특별자치도 제주시 한림읍 협재로 210-18,54,064-795-7800,특이사항없음,33.3794228,126.2500997
휴양콘도미니엄업,제주토비스콘도미니엄,제주특별자치도 제주시 애월읍 애월로1길 8 ,68,064-799-9905,특이사항없음,33.4631254,126.3115839
휴양콘도미니엄업,애월스테이인제주(구. 제주동양콘도미니엄),제주특별자치도 제주시 애월읍 애월해안로 708,82,064-713-5100,특이사항없음,33.4830351,126.3772045
휴양콘도미니엄업,한화리조트 제주,제주특별자치도 제주시 명림로 575-107   ,397,064-725-9000,특이사항없음,33.4484947,126.6382128
휴양콘도미니엄업,소노벨 타워 A.B 제주,제주특별자치도 제주시 조천읍 신북로 577,242,064-780-5000,특이사항없음,33.541054,126.6719242
휴양콘도미니엄업,라온골프클럽 콘도미니엄,제주특별자치도 제주시 한경면 용금로 998,80,064-795-1000,특이사항없음,33.3418703,126.2780253
휴양콘도미니엄업,엘스위트콘도,제주특별자치도 제주시 애월읍 평화로 1738-116,60,064-798-7108,특이사항없음,33.3702689,126.3753524
휴양콘도미니엄업,한림리조트(구. 한림스테이 제주),제주특별자치도 제주시 한림읍 일주서로 5083-5,93,064-796-8231,특이사항없음,33.3895441,126.2496821
휴양콘도미니엄업,헤브론힐리조트,제주특별자치도 제주시 애월읍 고성남서길 76,55,064-742-0090,특이사항없음,33.4275429,126.4223513
휴양콘도미니엄업,타미우스골프앤빌리지,제주특별자치도 제주시 애월읍 화전길 201,133,064-793-0707,특이사항없음,33.351192,126.3881562
휴양콘도미니엄업,(주)블랙스톤리조트,제주특별자치도 제주시 한림읍 한창로 925-122,50,064-795-2126,특이사항없음,33.3355186,126.3240674
휴양콘도미니엄업,일성비치콘도미니엄,제주특별자치도 제주시 한림읍 한림로 127,178,064-796-8400,특이사항없음,33.3856923,126.2213074
휴양콘도미니엄업,에버리스골프리조트,제주특별자치도 제주시 애월읍 평화로 1693-75,50,064-795-5000,특이사항없음,33.3777068,126.3603512
휴양콘도미니엄업,라헨느리조트㈜,제주특별자치도 제주시 명림로 384  ,51,064-754-9000,특이사항없음,33.4521555,126.6155076
휴양콘도미니엄업,아난티 클럽 제주 휴양콘도미니엄(구. 세인트포 휴양콘도미니엄),제주특별자치도 제주시 구좌읍 선유로 445-46,52,064-786-3800,특이사항없음,33.5180038,126.7363983
휴양콘도미니엄업,크라운컨트리클럽 골프빌리지,제주특별자치도 제주시 조천읍 북선로 125,25,064-784-4811,특이사항없음,33.5286642,126.6961026
휴양콘도미니엄업,한라산 콘도미니엄,제주특별자치도 제주시 선돌목동길 56-46  ,50,064-754-5678,특이사항없음,33.4418673,126.5471991
휴양콘도미니엄업,아덴힐리조트&골프클럽,제주특별자치도 제주시 한림읍 화전길 82,414,064-730-7023,특이사항없음,33.3441895,126.3691926
휴양콘도미니엄업,라온프라이빗타운,제주특별자치도 제주시 한림읍 금능남로 127,934,064-795-3001,특이사항없음,33.3810152,126.2411754
휴양콘도미니엄업,소노벨 타워 C 제주,제주특별자치도 제주시 조천읍 신북로 577 ,156,064-780-5040,특이사항없음,33.541054,126.6719242
휴양콘도미니엄업,㈜케이피씨(구.㈜한국폴로컨트리클럽휴양콘도미니엄),제주특별자치도 제주시 구좌읍 월행남길 322-30,33,064-784-9020,특이사항없음,33.524197,126.781122
휴양콘도미니엄업,캠퍼트리호텔앤리조트,제주특별자치도 제주시 해안마을서4길 100,151,064-795-8888,특이사항없음,33.4537783,126.4505575
휴양콘도미니엄업,통나무파크,제주특별자치도 제주시 애월읍 도치돌길 293,30,064-799-6909,특이사항없음,33.4103676,126.3658575
휴양콘도미니엄업,훈데르트힐즈,제주특별자치도 제주시 우도면 우도해안길 32-24,48,064-766-6000,신규등록,33.4938954,126.9553747
휴양콘도미니엄업,엠버퓨어힐 호텔앤리조트,제주특별자치도 제주시 1100로 2671-30(노형동),57,064-745-7461,특이사항없음,33.4264438,126.4870326
휴양콘도미니엄업,㈜이랜드파크 켄신턴리조트 제주중문,제주특별자치도 서귀포시 중문관광로72번길 29-29,216,064-738-9101,특이사항없음,33.2472633,126.4125804
휴양콘도미니엄업,켄싱턴리조트 서귀포점,제주특별자치도 서귀포시 이어도로 684,246,064-739-9001,특이사항없음,33.2336104,126.4893246
휴양콘도미니엄업,씨제이대한통운㈜  나인브릿지콘도미니엄,제주특별자치도 서귀포시 안덕면 광평로 34-156,100,064-793-9000,특이사항없음,33.3416414,126.4028479
휴양콘도미니엄업,금호리조트(주) 제주,제주특별자치도 서귀포시 남원읍 태위로 522-12,326,064-766-8000,특이사항없음,33.2729991,126.701485
휴양콘도미니엄업,소노캄 제주 웨스트타워,제주특별자치도 서귀포시 표선면 일주동로 6347-17,310,,특이사항없음,33.3050378,126.7919081
휴양콘도미니엄업,해비치리조트,제주특별자치도 서귀포시 표선면 민속해안로 537 ,215,064-780-8000,특이사항없음,33.3233757,126.8447677
휴양콘도미니엄업,(주)캐슬렉스제주 휴양콘도미니엄,제주특별자치도 서귀포시 안덕면 평화로 1241,83,064-793-6600,특이사항없음,33.3406124,126.3475135
휴양콘도미니엄업,소노캄 제주 이스트타워,제주특별자치도 서귀포시 표선면 일주동로 6347-17,104,,특이사항없음,33.3050378,126.7919081
휴양콘도미니엄업,사이프러스 골프&리조트 휴양콘도미니엄,제주특별자치도 서귀포시 표선면 번영로 2300,72,064-786-2411,특이사항없음,33.4101512,126.7499459
휴양콘도미니엄업,휘닉스 제주 섭지코지,제주특별자치도 서귀포시 성산읍 섭지코지로 107,350,064-731-7000,특이사항없음,33.4300919,126.9272996
휴양콘도미니엄업,씨오르리조트,제주특별자치도 서귀포시 이어도로 989  ,62,064-739-0114,특이사항없음,33.2423556,126.518405
휴양콘도미니엄업,서귀포월드컵리조트,제주특별자치도 서귀포시 월드컵로45번길 40   ,131,064-739-3001,특이사항없음,33.2444779,126.5110475
휴양콘도미니엄업,(주)호텔롯데 롯데리조트제주,제주특별자치도 서귀포시 색달중앙로252번길 124,73,064-731-9111,특이사항없음,33.2893348,126.4152061
휴양콘도미니엄업,스프링데일 골프&리조트,제주특별자치도 서귀포시 남원읍 서성로 459-1,90,064-800-8000,특이사항없음,33.3188775,126.6742738
휴양콘도미니엄업,베이힐 풀 앤 빌라,제주특별자치도 서귀포시 예래로 424,30,064-801-9000,특이사항없음,33.2375461,126.3721708
휴양콘도미니엄업,제주녹지리조트1,제주특별자치도 서귀포시 솔오름로 28,188,064-732-7990,특이사항없음,33.2842504,126.557526
휴양콘도미니엄업,우리들리조트 아트텔,제주특별자치도 서귀포시 산록남로 2917 ,25,064-766-7712,특이사항없음,33.311318,126.5872368
휴양콘도미니엄업,루체빌리조트,제주특별자치도 서귀포시 안덕면 산록남로 786,68,064-805-0114,특이사항없음,33.3191316,126.3847303
휴양콘도미니엄업,제주녹지리조트2,제주특별자치도 서귀포시 솔오름로20번길 12,212,064-732-7990,특이사항없음,33.2855426,126.5562878
휴양콘도미니엄업,벨룸(velum) 리조트,제주특별자치도 서귀포시 516로277번길 45,59,064-732-5700,특이사항없음,33.2798186,126.5809115
휴양콘도미니엄업,오션스타 휴양콘도미니엄,제주특별자치도 서귀포시 성산읍 섭지코지로 169 ,330,064-783-1888,특이사항없음,33.4274098,126.9260611
휴양콘도미니엄업,디 아넥스 휴양콘도미니엄,제주특별자치도 서귀포시 안덕면 산록남로 762번길 71,43,064-792-5200,특이사항없음,33.3032678,126.3921139
휴양콘도미니엄업,제주부영리조트,제주특별자치도 서귀포시 중문관광로 216,187,064-731-5500,특이사항없음,33.2417857,126.422237
휴양콘도미니엄업,테디벨리리조트 휴양콘도미니엄,제주특별자치도 서귀포시 안덕면 서광동로34번길 204,190,064-773-7800,특이사항없음,33.2934507,126.3424841
휴양콘도미니엄업,백통신원리조트,제주특별자치도 서귀포시 남원읍 서성로 427,116,064-766-6888,특이사항없음,33.3188775,126.6742738
휴양콘도미니엄업,오레브 리조트,제주특별자치도 서귀포시 태평로 156 (호근동2160),78,070-4523-8000,특이사항없음,33.2444782,126.5400829
휴양콘도미니엄업,중문훼미리 휴양콘도미니엄,제주특별자치도 서귀포시 소보리당로164번길 83,102,064-738-7871,특이사항없음,33.2658081,126.38346
휴양콘도미니엄업,제주신화빌라스,제주특별자치도 서귀포시 안덕면 신화역사로304번길 139,721,,특이사항없음,33.3013434,126.3206556
휴양콘도미니엄업,더큐브리조트제주,제주특별자치도 서귀포시 솔오름로105번길 24,255,064-717-6642,특이사항없음,33.2863083,126.5631106
휴양콘도미니엄업,ES제주리조트,제주특별자치도 서귀포시 1100로 501,153,,특이사항없음,33.2894341,126.4561006
휴양콘도미니엄업,씨사이드아덴,제주특별자치도 서귀포시 중문관광로 124,190,064-738-9636,특이사항없음,33.2484223,126.414164
휴양콘도미니엄업,백통신원리조트 기린,제주특별자치도 서귀포시 남원읍 서성로 427-1,76,064-745-7077,특이사항없음,33.3188775,126.6742738
휴양콘도미니엄업,스프링데일 골프&리조트 휴양콘도미니엄 1,제주특별자치도 서귀포시 남원읍 서성로 459-1,56,064-800-8000,특이사항없음,33.3188775,126.6742738
휴양콘도미니엄업,고은관광농원 휴양콘도미니엄,제주특별자치도 서귀포시 일주서로 1262,15,064-738-9987,특이사항없음,33.2646707,126.3785282
휴양콘도미니엄업,더 시에나 리조트,제주특별자치도 서귀포시 용흥로66번길 158-8,88,064-735-7100,특이사항없음,33.2654814,126.4842785
,,,,,,,
,,,,,,,
,,,,,,,
,,,,,,,
,,,,,,,
,,,,,,,
,,,,,,,
,,,,,,,
,,,,,,,
,,,,,,,
,,,,,,,
,,,,,,,
,,,,,,,
,,,,,,,
,,,,,,,
,,,,,,,
,,,,,,,
,,,,,,,
,,,,,,,
,,,,,,,
,,,,,,,
,,,,,,,
,,,,,,,
,,,,,,,
,,,,,,,
,,,,,,,
,,,,,,,
,,,,,,,
,,,,,,,
,,,,,,,
,,,,,,,
,,,,,,,
,,,,,,,
,,,,,,,
,,,,,,,
,,,,,,,
,,,,,,,
,,,,,,,
,,,,,,,
,,,,,,,
,,,,,,,
,,,,,,,
,,,,,,,
,,,,,,,
,,,,,,,
,,,,,,,
,,,,,,,
,,,,,,,
,,,,,,,
,,,,,,,
,,,,,,,
,,,,,,,
,,,,,,,
,,,,,,,
,,,,,,,
,,,,,,,
,,,,,,,
,,,,,,,
,,,,,,,
,,,,,,,
,,,,,,,
,,,,,,,
,,,,,,,
,,,,,,,
,,,,,,,
,,,,,,,
,,,,,,,
,,,,,,,
,,,,,,,
,,,,,,,
,,,,,,,
,,,,,,,
,,,,,,,
,,,,,,,
,,,,,,,
,,,,,,,
,,,,,,,
,,,,,,,
,,,,,,,
,,,,,,,
,,,,,,,
,,,,,,,
,,,,,,,
,,,,,,,
,,,,,,,
,,,,,,,
,,,,,,,
,,,,,,,
,,,,,,,
,,,,,,,
,,,,,,,
,,,,,,,
,,,,,,,
,,,,,,,
,,,,,,,
,,,,,,,
,,,,,,,
,,,,,,,
,,,,,,,
,,,,,,,
,,,,,,,
,,,,,,,
,,,,,,,
,,,,,,,
,,,,,,,
,,,,,,,
,,,,,,,
,,,,,,,
,,,,,,,
,,,,,,,
,,,,,,,
,,,,,,,
,,,,,,,
,,,,,,,
,,,,,,,
,,,,,,,
,,,,,,,
,,,,,,,
,,,,,,,
,,,,,,,
,,,,,,,
,,,,,,,
,,,,,,,
,,,,,,,
,,,,,,,
,,,,,,,
,,,,,,,
,,,,,,,
,,,,,,,
,,,,,,,
,,,,,,,
,,,,,,,
,,,,,,,
,,,,,,,
,,,,,,,
,,,,,,,
,,,,,,,
,,,,,,,
,,,,,,,
,,,,,,,
,,,,,,,
,,,,,,,
,,,,,,,
,,,,,,,
,,,,,,,
,,,,,,,
,,,,,,,
,,,,,,,
,,,,,,,
,,,,,,,
,,,,,,,
,,,,,,,
,,,,,,,
,,,,,,,
,,,,,,,
,,,,,,,
,,,,,,,
,,,,,,,
,,,,,,,
,,,,,,,
,,,,,,,
,,,,,,,
,,,,,,,
,,,,,,,
,,,,,,,
,,,,,,,
,,,,,,,
,,,,,,,
,,,,,,,
,,,,,,,
,,,,,,,
,,,,,,,
,,,,,,,
,,,,,,,
,,,,,,,
,,,,,,,
,,,,,,,
,,,,,,,
,,,,,,,
,,,,,,,
,,,,,,,
,,,,,,,
,,,,,,,
,,,,,,,
,,,,,,,
,,,,,,,
,,,,,,,
,,,,,,,
,,,,,,,
,,,,,,,
,,,,,,,
,,,,,,,
,,,,,,,
,,,,,,,
,,,,,,,
,,,,,,,
,,,,,,,
,,,,,,,
,,,,,,,
,,,,,,,
,,,,,,,
,,,,,,,
,,,,,,,
,,,,,,,
,,,,,,,
,,,,,,,
,,,,,,,
,,,,,,,
,,,,,,,
,,,,,,,
,,,,,,,
,,,,,,,
,,,,,,,
,,,,,,,
,,,,,,,
,,,,,,,
,,,,,,,
,,,,,,,
,,,,,,,
,,,,,,,
,,,,,,,
,,,,,,,
,,,,,,,
,,,,,,,
,,,,,,,
,,,,,,,
,,,,,,,
,,,,,,,
,,,,,,,
,,,,,,,
,,,,,,,
,,,,,,,
,,,,,,,
,,,,,,,
,,,,,,,
,,,,,,,
,,,,,,,
,,,,,,,
,,,,,,,
,,,,,,,
,,,,,,,
,,,,,,,
,,,,,,,
,,,,,,,
,,,,,,,
,,,,,,,
,,,,,,,
,,,,,,,
,,,,,,,
,,,,,,,
,,,,,,,
,,,,,,,
,,,,,,,
,,,,,,,
,,,,,,,
,,,,,,,
,,,,,,,
,,,,,,,
,,,,,,,
,,,,,,,
,,,,,,,
,,,,,,,
,,,,,,,
,,,,,,,
,,,,,,,
,,,,,,,
,,,,,,,
,,,,,,,
,,,,,,,
,,,,,,,
,,,,,,,
,,,,,,,
,,,,,,,
,,,,,,,
,,,,,,,
,,,,,,,
,,,,,,,
,,,,,,,
,,,,,,,
,,,,,,,
,,,,,,,
,,,,,,,
,,,,,,,
,,,,,,,
,,,,,,,
,,,,,,,
,,,,,,,
,,,,,,,
,,,,,,,
,,,,,,,
,,,,,,,
,,,,,,,
,,,,,,,
,,,,,,,
,,,,,,,
,,,,,,,
,,,,,,,
,,,,,,,
,,,,,,,
,,,,,,,
,,,,,,,
,,,,,,,
,,,,,,,
,,,,,,,
,,,,,,,
,,,,,,,
,,,,,,,
,,,,,,,
,,,,,,,
,,,,,,,
,,,,,,,
,,,,,,,
,,,,,,,
,,,,,,,
,,,,,,,
,,,,,,,
,,,,,,,
,,,,,,,
,,,,,,,
,,,,,,,
,,,,,,,
,,,,,,,
,,,,,,,
,,,,,,,
,,,,,,,
,,,,,,,
,,,,,,,
,,,,,,,
,,,,,,,
,,,,,,,
,,,,,,,
,,,,,,,
,,,,,,,
,,,,,,,
,,,,,,,
,,,,,,,
,,,,,,,
,,,,,,,
,,,,,,,
,,,,,,,
,,,,,,,
,,,,,,,
,,,,,,,
,,,,,,,
,,,,,,,
,,,,,,,
,,,,,,,
,,,,,,,
,,,,,,,
,,,,,,,
,,,,,,,
,,,,,,,
,,,,,,,
,,,,,,,
,,,,,,,
,,,,,,,
,,,,,,,
,,,,,,,
,,,,,,,
,,,,,,,
,,,,,,,
,,,,,,,
,,,,,,,
,,,,,,,
,,,,,,,
,,,,,,,
,,,,,,,
,,,,,,,
,,,,,,,
,,,,,,,
,,,,,,,
,,,,,,,
,,,,,,,
,,,,,,,
,,,,,,,
,,,,,,,
,,,,,,,
,,,,,,,
,,,,,,,
,,,,,,,
,,,,,,,
,,,,,,,
,,,,,,,
,,,,,,,
,,,,,,,
,,,,,,,
,,,,,,,
,,,,,,,
,,,,,,,
,,,,,,,
,,,,,,,
,,,,,,,
,,,,,,,
,,,,,,,
,,,,,,,
,,,,,,,
,,,,,,,
,,,,,,,
,,,,,,,
,,,,,,,
,,,,,,,
,,,,,,,
,,,,,,,
,,,,,,,
,,,,,,,
,,,,,,,
,,,,,,,
,,,,,,,
,,,,,,,
,,,,,,,
,,,,,,,
,,,,,,,
,,,,,,,
,,,,,,,
,,,,,,,
,,,,,,,
,,,,,,,
,,,,,,,
,,,,,,,
,,,,,,,
,,,,,,,
,,,,,,,
,,,,,,,
,,,,,,,
,,,,,,,
,,,,,,,
,,,,,,,
,,,,,,,
,,,,,,,
,,,,,,,
,,,,,,,
,,,,,,,
,,,,,,,
,,,,,,,
,,,,,,,
,,,,,,,
,,,,,,,
,,,,,,,
,,,,,,,
,,,,,,,
,,,,,,,
,,,,,,,
,,,,,,,
,,,,,,,
,,,,,,,
,,,,,,,
,,,,,,,
,,,,,,,
,,,,,,,
,,,,,,,
,,,,,,,
,,,,,,,
,,,,,,,
,,,,,,,
,,,,,,,
,,,,,,,
,,,,,,,
,,,,,,,
,,,,,,,
,,,,,,,
,,,,,,,
,,,,,,,
,,,,,,,
,,,,,,,
,,,,,,,
,,,,,,,
,,,,,,,
,,,,,,,
,,,,,,,
,,,,,,,
,,,,,,,
,,,,,,,
,,,,,,,
,,,,,,,
,,,,,,,
,,,,,,,
,,,,,,,
,,,,,,,
,,,,,,,
,,,,,,,
,,,,,,,
,,,,,,,
,,,,,,,
,,,,,,,
,,,,,,,
,,,,,,,
,,,,,,,
,,,,,,,
,,,,,,,
,,,,,,,
,,,,,,,
,,,,,,,
,,,,,,,
,,,,,,,
,,,,,,,
,,,,,,,
,,,,,,,
,,,,,,,
,,,,,,,
,,,,,,,
,,,,,,,
,,,,,,,
,,,,,,,
,,,,,,,
,,,,,,,
,,,,,,,
,,,,,,,
,,,,,,,
,,,,,,,
,,,,,,,
,,,,,,,
,,,,,,,
,,,,,,,
,,,,,,,
,,,,,,,
,,,,,,,
,,,,,,,
,,,,,,,
,,,,,,,
,,,,,,,
,,,,,,,
,,,,,,,
,,,,,,,
,,,,,,,
,,,,,,,
,,,,,,,
,,,,,,,
,,,,,,,
,,,,,,,
,,,,,,,
,,,,,,,
,,,,,,,
,,,,,,,
,,,,,,,
,,,,,,,
,,,,,,,
,,,,,,,
,,,,,,,
,,,,,,,
,,,,,,,
,,,,,,,
,,,,,,,
,,,,,,,
,,,,,,,
,,,,,,,
,,,,,,,
,,,,,,,
,,,,,,,
,,,,,,,
,,,,,,,
,,,,,,,
,,,,,,,
,,,,,,,
,,,,,,,
,,,,,,,
,,,,,,,
,,,,,,,
,,,,,,,
,,,,,,,
,,,,,,,
,,,,,,,
,,,,,,,
,,,,,,,
,,,,,,,
,,,,,,,
,,,,,,,
,,,,,,,
,,,,,,,
,,,,,,,
,,,,,,,
,,,,,,,
,,,,,,,
,,,,,,,
,,,,,,,
,,,,,,,
,,,,,,,
,,,,,,,
