﻿,충전소 주소,Latitude,Longitude
0,제주특별자치도 제주시 구좌읍 세화리 1500-41,33.5250605,126.8564238
1,제주특별자치도 제주시 구좌읍 일주동로 2706-40,33.5291728,126.8123293
2,제주특별자치도 제주시 백포서길 9,33.4998223,126.4581534
3,제주특별자치도 제주시 산천단 동3길 2 북쪽주차장 입구,33.4476357,126.5612113
4,제주특별자치도 제주시 수목원길 72,33.4691312,126.4903542
5,제주특별자치도 제주시 아라동 3008-1,33.4612315,126.5550836
6,제주특별자치도 제주시 아라동 6140-4,33.4612315,126.5550836
7,제주특별자치도 제주시 애월읍 상가리 1196-1,33.4102243,126.3758566
8,제주특별자치도 제주시 오일장서길 26,33.4966876,126.4753648
9,제주특별자치도 제주시 외도1동 482-1,33.4899275,126.4325787
10,제주특별자치도 제주시 이도1동 1293-1,33.5060359,126.5275776
11,제주특별자치도 제주시 중앙로25길 17,33.5068066,126.52704
12,제주특별자치도 제주시 일도2동 488-1,33.5061057,126.541256
13,제주특별자치도 제주시 조천읍 중산간동로 601,33.5002486,126.6498793
14,제주특별자치도 제주시 하귀1리 176-3,33.4858495,126.4138959
15,제주특별자치도 제주시 한경면 신창리 233-1 입구 우측,33.3498629,126.1844946
16,제주특별자치도 제주시 한림읍 금능리 2018 재릉종합관광안내센터 우측,33.3908803,126.237575
17,제주특별자치도 제주시 한림읍 한림중앙로 71-9,33.4094321,126.2685964
18,제주특별자치도 제주시 한림읍 한림중앙로 71-9,33.4094321,126.2685964
19,제주특별자치도 제주시 한림읍 한림중앙로 71-9,33.4094321,126.2685964
20,제주특별자치도 제주시 화북1동 1976-6,33.5204497,126.5654035
21,제주특별자치도 제주시 연동2334-4,33.4934411,126.4910541
22,제주특별자치도 제주시 조천읍 함덕리 906번지,33.5368449,126.6697248
23,제주특별자치도 제주시 애월읍 애월해안로400-9,33.4714919,126.351163
24,제주특별자치도 제주시 용담2동 2002,33.5084457,126.4990864
25,"제주특별자치도 제주시 구좌읍 김녕로 209 , 구좌체육관 본관 주차장",33.5561497,126.7609814
26,"제주특별자치도 제주시 구좌읍 해녀박물관길 26 , 본관 주차장",33.523385,126.8622061
27,"제주특별자치도 제주시 명림로 520 , 본관 주차장",33.4448954,126.6256807
28,"제주특별자치도 제주시 선돌목동길 60 , 본관 주차장",33.4451439,126.5492347
29,"제주특별자치도 제주시 조천읍 조천18길 11-1 , 본관 주차장",33.5390118,126.6427149
30,제주특별자치도 제주시 봉개동 1854-1,33.4905386,126.5954839
31,제주특별자치도 제주시 조천읍 북촌3길 3,33.5460649,126.6886038
32,제주특별자치도 제주시 한경면 저지리 2114-68,33.3382439,126.2657821
33,제주특별자치도 제주시 한림읍 금능리 2018,33.3908803,126.237575
34,제주특별자치도 제주시 조천읍 선흘서5길7,33.5153945,126.6946861
35,제주특별자치도 제주시 조천읍 선흘서5길7,33.5153945,126.6946861
36,제주특별자치도 제주시 애월읍 일주서로 6322,33.4621238,126.3294125
37,제주특별자치도 제주시 애월읍 일주서로 6322,33.4621238,126.3294125
38,제주특별자치도 제주시 삼봉로 79(도련2동),33.5143098,126.5893518
39,제주특별자치도 제주시 삼봉로 79(도련2동),33.5143098,126.5893518
40,제주특별자치도 제주시 1100로 2894-78(연동),33.4525957,126.4896313
41,제주특별자치도 제주시 1100로 2894-78(연동),33.4525957,126.4896313
42,제주특별자치도 제주시 조천읍 신북로 194,33.5345826,126.634135
43,제주특별자치도 제주시 조천읍 신북로 194,33.5345826,126.634135
44,제주특별자치도 제주시 조천읍 신북로 303,33.5416465,126.6427429
45,제주특별자치도 제주시 조천읍 신북로 303,33.5416465,126.6427429
46,제주특별자치도 제주시 516로 2810-31(영평동),33.4403722,126.579665
47,제주특별자치도 제주시 516로 2810-31(영평동),33.4403722,126.579665
48,제주특별자치도 제주시 조천읍 남조로 2023,33.4373391,126.6668484
49,제주특별자치도 제주시 조천읍 남조로 2023,33.4373391,126.6668484
50,제주특별자치도 제주시 조천읍 남조로 2023,33.4373391,126.6668484
51,제주특별자치도 제주시 봉개동 2750-2,33.4343133,126.6377442
52,제주특별자치도 제주시 봉개동 2750-2,33.4343133,126.6377442
53,제주특별자치도 제주시 봉개동 2750-2,33.4343133,126.6377442
54,제주특별자치도 제주시 연북로 444,33.4803584,126.5290592
55,제주특별자치도 제주시 연북로 444,33.4803584,126.5290592
56,제주특별자치도 제주시 연북로 444,33.4803584,126.5290592
57,제주특별자치도 제주시 용남3길 7,33.5092667,126.5135484
58,제주특별자치도 제주시 용남3길 7,33.5092667,126.5135484
59,제주특별자치도 제주시 탑동로 66,33.5185854,126.5171129
60,제주특별자치도 제주시 한림읍 금악서길133,33.3399627,126.2920087
61,제주특별자치도 제주시 한림읍 금악서길133,33.3399627,126.2920087
62,제주특별자치도 제주시 삼양1동 1637-1,33.5272909,126.592219
63,제주특별자치도 제주시 삼양1동 1637-1,33.5272909,126.592219
64,제주특별자치도 제주시 동광로 69,33.5044769,126.53519
65,제주특별자치도 제주시 동광로 69,33.5044769,126.53519
66,제주특별자치도 제주시 문연로 13,33.4901303,126.498867
67,제주특별자치도 제주시 문연로 13,33.4901303,126.498867
68,제주특별자치도 제주시 애월읍 상귀길 173,33.4590248,126.4036839
69,제주특별자치도 제주시 애월읍 상귀길 173,33.4590248,126.4036839
70,제주특별자치도 제주시 구좌읍 김녕로 242,33.554214,126.7628702
71,제주특별자치도 제주시 구좌읍 김녕로 242,33.554214,126.7628702
72,제주특별자치도 제주시 구좌읍 일주동로 2708-19,33.5291728,126.8123293
73,제주특별자치도 제주시 구좌읍 일주동로 2708-19,33.5291728,126.8123293
74,제주특별자치도 제주시 문연로 5,33.4902673,126.4979834
75,제주특별자치도 제주시 문연로 5,33.4902673,126.4979834
76,제주특별자치도 제주시 구좌읍 일주동로 3132,33.5291728,126.8123293
77,제주특별자치도 제주시 구좌읍 일주동로 3132,33.5291728,126.8123293
78,제주특별자치도 제주시 구좌읍 비자숲길 55,33.4914321,126.8111377
79,제주특별자치도 제주시 구좌읍 비자숲길 55,33.4914321,126.8111377
80,제주특별자치도 제주시 명림로 430,33.4510818,126.6186384
81,제주특별자치도 제주시 명림로 430,33.4510818,126.6186384
82,제주특별자치도 제주시 명림로 430,33.4510818,126.6186384
83,제주특별자치도 제주시 명림로 430,33.4510818,126.6186384
84,제주특별자치도 제주시 516로 2870,33.4411902,126.5705887
85,제주특별자치도 제주시 516로 2870,33.4411902,126.5705887
86,제주특별자치도 제주시 516로 2870,33.4411902,126.5705887
87,제주특별자치도 제주시 516로 2870,33.4411902,126.5705887
88,제주특별자치도 제주시 노형동 2517-1,33.4825025,126.4718951
89,제주특별자치도 제주시 노형동 2534-3,33.4836312,126.4742853
90,제주특별자치도 제주시 용두암길15,33.5150353,126.5119671
91,제주특별자치도 제주시 오일장서길 26,33.4966876,126.4753648
92,제주특별자치도 제주시 오일장서길 26,33.4966876,126.4753648
93,제주특별자치도 제주시 통물길 75,33.4865679,126.4374923
94,제주특별자치도 제주시 통물길 75,33.4865679,126.4374923
95,제주특별자치도 제주시 조천읍 일주동로 1189,33.537665,126.667682
96,제주특별자치도 제주시 조천읍 일주동로 1189,33.537665,126.667682
97,제주특별자치도 제주시 한경면 대한로 1036,33.3177234,126.2476181
98,제주특별자치도 제주시 한경면 대한로 1036,33.3177234,126.2476181
99,제주특별자치도 제주시 한경면 연명로 8-1,33.2926654,126.2338896
100,제주특별자치도 제주시 한림읍 금악리 1242-8,33.3498442,126.3046301
101,제주특별자치도 제주시 연삼로 473,33.4994412,126.5403432
102,제주특별자치도 제주시 한림읍 한림리 1377-48,33.4105408,126.2583834
103,제주특별자치도 제주시 월정서로 162,33.5618618,126.7797256
104,제주특별자치도 제주시 월정서로 162,33.5618618,126.7797256
105,제주특별자치도 제주시 조천읍 신북로 303,33.5416465,126.6427429
106,제주특별자치도 제주시 조천읍 신북로 303,33.5416465,126.6427429
107,제주특별자치도 제주시 복지로 19,33.4876689,126.5197722
108,제주특별자치도 제주시 복지로 19,33.4876689,126.5197722
109,제주특별자치도 제주시 한경면 판포리 1459-1,33.3722827,126.2078578
110,제주특별자치도 제주시 한경면 판포리 1459-1,33.3722827,126.2078578
111,제주특별자치도 제주시 하귀동남1길 22,33.4848822,126.4138633
112,제주특별자치도 제주시 하귀동남1길 22,33.4848822,126.4138633
113,제주특별자치도 제주시 한경면 두모리 2962-1,33.3529008,126.1856669
114,제주특별자치도 제주시 한경면 두모리 2962-1,33.3529008,126.1856669
115,제주특별자치도 제주시 한림읍 금능리 2018,33.3908803,126.237575
116,제주특별자치도 제주시 한림읍 금능리 2018,33.3908803,126.237575
117,제주특별자치도 제주시 한림읍 귀덕리 3025-2,33.4425426,126.289524
118,제주특별자치도 제주시 한림읍 귀덕리 3025-2,33.4425426,126.289524
119,제주특별자치도 제주시 애월읍 유수암평화길 14,33.4413815,126.4029241
120,제주특별자치도 제주시 애월읍 유수암평화길 14,33.4413815,126.4029241
121,제주특별자치도 제주시 한경면 저지12길 72-12,33.3374256,126.2635878
122,제주특별자치도 제주시 한경면 저지12길 72-12,33.3374256,126.2635878
123,제주특별자치도 제주시 한림읍 금능리 2243-2,33.376918,126.2360753
124,제주특별자치도 제주시 한림읍 금능리 2243-2,33.376918,126.2360753
125,제주특별자치도 제주시 송이길 226,33.4594888,126.6277115
126,제주특별자치도 제주시 송이길 226,33.4594888,126.6277115
127,제주특별자치도 제주시 한림읍 한림리 887-2,33.4094321,126.2685964
128,제주특별자치도 제주시 한림읍 한림리 887-2,33.4094321,126.2685964
129,제주특별자치도 제주시 한림읍 한림리 887-2,33.4094321,126.2685964
130,제주특별자치도 제주시 한림읍 한림리 887-2,33.4094321,126.2685964
131,제주특별자치도 제주시 조천읍 교래리 산98-2,33.4180631,126.6534847
132,제주특별자치도 제주시 조천읍 교래리 산98-2,33.4180631,126.6534847
133,제주특별자치도 제주시 동광로 66,33.5027388,126.5362772
134,제주특별자치도 제주시 동광로 66,33.5027388,126.5362772
135,제주특별자치도 제주시 동광로 66,33.5027388,126.5362772
136,제주특별자치도 제주시 조천읍 교래리 남조로 2023,33.4373391,126.6668484
137,제주특별자치도 제주시 조천읍 교래리 남조로 2023,33.4373391,126.6668484
138,제주특별자치도 제주시 조천읍 교래리 남조로 2023,33.4373391,126.6668484
139,제주특별자치도 제주시 조천읍 교래리 남조로 2023,33.4373391,126.6668484
140,제주특별자치도 제주시 문연로 6,33.4888978,126.4980899
141,제주특별자치도 제주시 광양9길 10,33.4998066,126.531359
142,제주특별자치도 제주시 문연로 30,33.4890444,126.5004583
143,제주특별자치도 제주시 구좌읍 일주동로 3116,33.5291728,126.8123293
144,제주특별자치도 제주시 한경면 칠전로 41,33.301094,126.1841518
145,제주특별자치도 제주시 오남로 221,33.476285,126.5159155
146,제주특별자치도 제주시 조천읍 선흘리 461,33.4548015,126.7116925
147,제주특별자치도 제주시 조천읍 동백로 77,33.5095241,126.7152691
148,제주특별자치도 제주시 1100로 2070-61,33.3917738,126.4945012
149,제주특별자치도 제주시 산록북로 588,33.4219399,126.5505904
150,제주특별자치도 제주시 임항로 146,33.5201615,126.5393157
151,제주특별자치도 제주시 노형9길 9-4,33.4830122,126.4771666
152,제주특별자치도 제주시 지석13길 6,33.5218264,126.5855732
153,제주특별자치도 제주시 애월읍 녹고메길 165,33.4057406,126.4080831
154,제주특별자치도 제주시 일주서로 7350,33.4930176,126.4322726
155,제주특별자치도 제주시 만덕로 18,33.515042,126.5314862
156,제주특별자치도 제주시 해안마을서2길 19,33.4590094,126.4486068
157,제주특별자치도 제주시 애월읍 상귀길 173,33.4590248,126.4036839
158,제주특별자치도 제주시 조천읍 516로 1865,33.38628,126.6183294
159,제주특별자치도 제주시 오남로 7-13,33.494902,126.5224007
160,제주특별자치도 제주시 삼성로 40,33.5063429,126.5315162
161,제주특별자치도 제주시 516로 2596,33.4316359,126.603808
162,제주특별자치도 제주시 산천단동길 26,33.4471506,126.5598741
163,제주특별자치도 제주시 우평로 318,33.4850004,126.4329961
164,제주특별자치도 제주시 조천읍 남조로 2023,33.4373391,126.6668484
165,제주특별자치도 제주시 선덕로 8길 12,33.4844046,126.500493
166,제주특별자치도 제주시 봉개북1길 15,33.491638,126.5948929
167,제주특별자치도 제주시 추자면 추자로 26,33.9636695,126.2960719
168,제주특별자치도 제주시 기자길 7,33.4849763,126.5442251
169,제주특별자치도 제주시 구좌읍 다랑쉬북로 68-92,33.4859866,126.8104443
170,제주특별자치도 제주시 애월읍 일주서로 6339,33.4632108,126.3312729
171,제주특별자치도 제주시 한경면 저지리 2114-82,33.338451,126.265967
172,제주특별자치도 제주시 천수로 72,33.5045455,126.5442623
173,제주특별자치도 제주시 오남로 7-13 제주특별자치도 제주시 오남로 7-13 도남1차...,33.494902,126.5224007
174,제주특별자치도 제주시 구좌읍 만장굴길 182 제주특별자치도 제주시 구좌읍 만장굴길 ...,33.5281972,126.7717618
175,"제주특별자치도 제주시 서광로2길 24 제주특별자치도 제주시 서광로2길 24, 애향...",33.4977808,126.5143885
176,제주특별자치도 제주시 용해로 32,33.5141262,126.5017788
177,제주특별자치도 제주시 삼양이동 2133-5,33.5221031,126.5845445
178,제주특별자치도 제주시 노형동 3803-6,33.4815282,126.4755968
179,제주특별자치도 제주시 삼도일동 560-2,33.4992834,126.5162111
180,제주특별자치도 제주시 외도일동 440-7,33.4906039,126.428533
181,제주특별자치도 제주시 아라일동 6159,33.4717919,126.5508503
182,제주특별자치도 제주시 애월읍 애조로 215,33.4736221,126.4062232
183,제주특별자치도 제주시 애월읍 애조로 215,33.4736221,126.4062232
184,제주특별자치도 제주시 청사로 59(도남동),33.4909953,126.5252048
185,제주특별자치도 제주시 청사로 59(도남동),33.4909953,126.5252048
186,제주특별자치도 제주시 청사로 59(도남동),33.4909953,126.5252048
